LocID,City,Cloudiness,Country,Date,Humidity,Lat,Lng,Max Temp,Wind Speed
0,busselton,8,AU,1539278911,100,-33.64,115.35,61.32,11.1
1,los llanos de aridane,20,ES,1539277200,73,28.66,-17.92,77.0,4.7
2,tura,92,IN,1539278912,99,25.52,90.21,71.04,1.7
3,kuopio,90,FI,1539276600,93,62.89,27.68,48.2,5.82
4,cape town,20,ZA,1539277200,77,-33.93,18.42,59.0,9.17
5,ahipara,92,NZ,1539278912,92,-35.17,173.16,56.46,24.74
6,mastic beach,90,US,1539277980,93,40.77,-72.85,71.96,12.75
7,te anau,88,NZ,1539278912,99,-45.41,167.72,33.96,8.41
8,jamestown,0,AU,1539278913,92,-33.21,138.6,48.18,7.52
9,vaini,0,IN,1539278913,78,15.34,74.49,73.02,4.5
10,hobart,75,AU,1539277200,87,-42.88,147.33,48.2,5.82
11,albany,90,US,1539277980,90,42.65,-73.75,71.96,0.58
12,vigrestad,0,NO,1539276600,63,58.57,5.7,62.6,18.34
13,flagstaff,90,US,1539277620,85,35.2,-111.65,51.8,9.17
14,mataura,64,NZ,1539278914,90,-46.19,168.86,38.28,12.77
15,mar del plata,0,AR,1539278893,36,-46.43,-67.52,63.48,12.21
16,bredasdorp,80,ZA,1539277200,67,-34.53,20.04,60.8,8.05
17,ushuaia,75,AR,1539273600,61,-54.81,-68.31,46.4,5.82
18,bathsheba,40,BB,1539277200,74,13.22,-59.52,86.0,11.41
19,bambous virieux,40,MU,1539277200,64,-20.34,57.76,73.4,17.22
20,chuy,92,UY,1539278828,79,-33.69,-53.46,57.27,14.79
21,tilichiki,44,RU,1539278915,90,60.47,166.1,29.46,2.71
22,carnarvon,48,ZA,1539278915,16,-30.97,22.13,70.86,10.09
23,esperance,40,TT,1539277200,52,10.24,-61.45,93.2,9.17
24,norman wells,75,CA,1539277200,80,65.28,-126.83,30.2,5.82
25,genhe,12,CN,1539278915,70,50.78,121.52,26.4,4.38
26,antalya,40,TR,1539276600,60,36.9,30.69,75.2,4.7
27,saint-philippe,90,CA,1539278280,93,45.36,-73.48,55.4,10.29
28,waingapu,24,ID,1539278916,94,-9.65,120.26,67.71,4.38
29,mehamn,0,NO,1539276600,69,71.03,27.85,42.8,16.11
30,hermanus,80,ZA,1539278917,79,-34.42,19.24,56.64,3.71
31,soe,8,EE,1539276600,93,57.91,26.05,46.4,2.24
32,weinan,8,CN,1539277200,81,34.5,109.46,44.6,7.07
33,orotukan,64,RU,1539278917,90,62.26,151.67,13.08,2.48
34,rikitea,92,PF,1539278917,100,-23.12,-134.97,70.14,10.76
35,cherskiy,76,RU,1539278918,100,68.75,161.3,24.51,2.59
36,atuona,92,PF,1539278918,100,-9.8,-139.03,79.41,17.47
37,chama,36,ZM,1539278918,36,-11.22,33.16,79.5,14.12
38,kawalu,68,ID,1539278670,97,-7.38,108.21,65.73,1.36
39,lagoa,75,PT,1539277200,88,37.14,-8.45,71.6,6.93
40,kapaa,20,US,1539276960,86,22.08,-159.32,73.04,8.05
41,cam ranh,80,VN,1539278919,96,11.92,109.15,78.42,12.21
42,nikolskoye,90,RU,1539275400,93,59.7,30.79,44.6,2.24
43,sao filipe,20,CV,1539278919,91,14.9,-24.5,81.48,13.56
44,punta arenas,90,CL,1539273600,61,-53.16,-70.91,46.4,20.8
45,butaritari,88,KI,1539278920,100,3.07,172.79,84.81,6.73
46,sinnamary,0,GF,1539278920,87,5.38,-52.96,84.18,12.21
47,sitka,32,US,1539278920,100,37.17,-99.65,46.56,4.61
48,pine bluff,1,US,1539276960,53,34.23,-92.0,62.96,10.29
49,coquimbo,90,CL,1539273600,67,-29.95,-71.34,57.2,9.17
50,iztapa,90,GT,1539277200,70,13.93,-90.71,87.8,11.41
51,chincha alta,90,PE,1539277200,30,-13.42,-76.13,71.6,6.93
52,chokurdakh,64,RU,1539278921,87,70.62,147.9,21.54,2.59
53,hanzhong,88,CN,1539278921,86,33.08,107.03,45.84,1.36
54,hilo,1,US,1539276960,93,19.71,-155.08,69.98,3.36
55,tommot,88,RU,1539278922,91,58.97,126.27,35.94,3.71
56,nanortalik,0,GL,1539278922,96,60.14,-45.24,35.4,16.8
57,salalah,0,OM,1539276600,49,17.01,54.1,89.6,10.29
58,pisco,90,PE,1539277200,30,-13.71,-76.2,71.6,6.93
59,phalaborwa,44,ZA,1539277200,33,-23.95,31.14,86.0,3.36
60,komsomolskiy,8,RU,1539278923,87,67.55,63.78,30.72,19.6
61,isangel,32,VU,1539278923,100,-19.55,169.27,74.64,9.08
62,vila do maio,20,CV,1539273600,62,15.13,-23.22,87.8,10.29
63,tautira,75,PF,1539277200,74,-17.73,-149.15,78.8,6.93
64,new norfolk,75,AU,1539277200,87,-42.78,147.06,48.2,5.82
65,nelson bay,90,AU,1539277200,93,-32.72,152.14,55.4,4.7
66,bluff,76,AU,1539278924,89,-23.58,149.07,66.72,9.08
67,whitecourt,75,CA,1539277200,77,54.14,-115.68,32.0,5.82
68,okha,8,RU,1539278924,90,53.59,142.95,32.34,4.16
69,georgetown,40,GY,1539277200,52,6.8,-58.16,93.2,11.41
70,castro,0,CL,1539278653,66,-42.48,-73.76,54.75,5.61
71,jiayuguan,0,CN,1539278925,51,39.77,98.29,27.93,2.93
72,bilma,36,NE,1539278632,19,18.69,12.92,87.78,4.72
73,tuktoyaktuk,90,CA,1539277200,92,69.44,-133.03,21.2,10.29
74,portland,40,US,1539276780,82,45.52,-122.67,55.04,5.82
75,pokhara,0,NP,1539278734,75,28.21,83.99,49.53,1.92
76,pyapon,20,MM,1539278926,98,16.29,95.68,78.6,4.05
77,touros,0,BR,1539278926,57,-5.2,-35.46,85.71,16.24
78,saint george,20,GR,1539276600,63,39.45,22.34,62.6,3.36
79,sibu,75,MY,1539277200,94,2.29,111.83,77.0,1.12
80,lluta,0,PE,1539277200,15,-16.02,-72.01,69.8,10.29
81,lavrentiya,92,RU,1539278927,100,65.58,-170.99,42.06,21.83
82,saint-augustin,76,FR,1539277200,82,44.83,-0.61,66.2,5.82
83,mayna,0,RU,1539278927,100,53.0,91.49,29.46,1.48
84,erbaa,75,TR,1539276600,82,40.67,36.56,66.2,1.12
85,podkletnoye,0,RU,1539278928,86,54.66,31.74,43.05,6.06
86,fairbanks,90,US,1539277080,100,64.84,-147.72,35.42,5.82
87,roseburg,90,US,1539276960,95,43.22,-123.34,50.0,3.36
88,teya,90,MX,1539276360,55,21.05,-89.07,89.6,3.6
89,atyrau,0,KZ,1539275400,58,47.1,51.92,53.6,6.71
90,dikson,36,RU,1539278928,100,73.51,80.55,32.16,17.25
91,east london,0,ZA,1539277200,72,-33.02,27.91,66.2,16.11
92,port lincoln,0,AU,1539278929,98,-34.72,135.86,56.55,11.54
93,longyearbyen,75,NO,1539276600,79,78.22,15.63,28.4,9.17
94,campo maior,20,ES,1539277200,73,39.01,-7.07,73.4,11.41
95,churapcha,68,RU,1539278929,87,62.0,132.43,23.16,2.59
96,clyde,68,NZ,1539278930,95,-45.19,169.32,32.61,6.73
97,nantucket,40,US,1539278100,84,41.28,-70.1,77.0,11.41
98,quatre cocos,40,MU,1539277200,64,-20.21,57.76,73.4,17.22
99,victoria,75,BN,1539277200,83,5.28,115.24,80.6,3.36
100,beatrice,1,US,1539278100,9,40.27,-96.75,46.22,12.75
101,passy,0,FR,1539277200,64,45.92,6.69,69.8,1.12
102,torbay,75,CA,1539277200,48,47.66,-52.73,39.2,21.92
103,iracoubo,0,GF,1539278931,63,5.48,-53.21,88.14,6.51
104,iqaluit,75,CA,1539277200,74,63.75,-68.52,28.4,16.11
105,pitimbu,40,BR,1539277200,51,-7.47,-34.81,86.0,12.75
106,hithadhoo,48,MV,1539278931,100,-0.6,73.08,83.82,6.51
107,buraydah,0,SA,1539277200,22,26.33,43.97,86.0,2.24
108,qarchi gak,5,AF,1539276600,47,37.04,66.79,57.2,2.24
109,ugoofaaru,92,MV,1539278932,96,5.67,73.0,83.73,10.65
110,bethel,75,US,1539276780,95,60.79,-161.76,42.08,16.11
111,haines junction,0,CA,1539278933,82,60.75,-137.51,26.49,1.7
112,pevek,0,RU,1539278933,100,69.7,170.27,28.29,6.06
113,vangaindrano,92,MG,1539278933,89,-23.35,47.6,67.08,4.72
114,muros,20,ES,1539277200,63,42.77,-9.06,60.8,13.87
115,upernavik,80,GL,1539278934,100,72.79,-56.15,27.48,13.0
116,atar,12,MR,1539278934,18,20.52,-13.05,99.3,2.93
117,arandis,64,NA,1539278934,80,-22.42,14.98,66.18,5.5
118,beloha,92,MG,1539278934,93,-25.17,45.06,67.08,6.4
119,qaanaaq,56,GL,1539278934,100,77.48,-69.36,19.65,9.08
120,kavieng,8,PG,1539278935,100,-2.57,150.8,85.08,9.64
121,san francisco,75,US,1539277740,69,37.78,-122.42,63.5,1.7
122,kodiak,75,US,1539278280,63,39.95,-94.76,46.94,10.29
123,tasiilaq,75,GL,1539276600,100,65.61,-37.64,32.0,6.93
124,am timan,8,TD,1539278936,49,11.04,20.28,82.56,4.61
125,el real de santa maria,92,PA,1539278936,100,8.11,-77.73,73.56,5.5
126,spornoye,0,RU,1539275400,81,50.84,37.29,48.2,4.47
127,opuwo,0,NA,1539278936,24,-18.06,13.84,73.83,3.94
128,vargashi,0,RU,1539278937,78,55.36,65.85,39.18,14.23
129,lebu,0,ET,1539278937,39,8.96,38.73,56.28,7.52
130,barrow,12,AR,1539278793,51,-38.31,-60.23,60.69,5.17
131,voloshka,0,RU,1539278937,90,61.33,40.09,32.34,7.4
132,kuusamo,90,FI,1539276600,100,65.96,29.19,37.4,3.36
133,faanui,68,PF,1539278937,98,-16.48,-151.75,80.31,13.22
134,yulara,20,AU,1539277200,82,-25.24,130.99,62.6,12.75
135,airai,0,TL,1539278938,78,-8.93,125.41,55.83,1.48
136,banjarmasin,90,ID,1539277200,100,-3.32,114.59,75.2,2.24
137,khatanga,0,RU,1539278784,85,71.98,102.47,20.82,10.98
138,sacramento,75,US,1539276960,77,38.58,-121.49,63.5,4.38
139,hofn,90,IS,1539273600,87,64.25,-15.21,51.8,16.11
140,port alfred,68,ZA,1539278939,91,-33.59,26.89,66.72,20.27
141,alyangula,0,AU,1539278939,100,-13.85,136.42,78.87,9.64
142,suntar,88,RU,1539278939,98,62.16,117.65,38.82,5.5
143,cabo rojo,1,PR,1539276600,100,18.09,-67.15,86.0,16.11
144,ostrovnoy,56,RU,1539278939,92,68.05,39.51,34.14,17.69
145,ponta do sol,64,BR,1539278939,53,-20.63,-46.0,85.44,4.61
146,koluszki,0,PL,1539277200,63,51.74,19.82,60.8,8.05
147,flinders,90,AU,1539277200,87,-34.58,150.85,51.8,1.12
148,gambiran,12,ID,1539278940,97,-7.93,111.77,67.62,2.93
149,mahajanga,20,MG,1539277200,74,-15.72,46.32,80.6,6.93
150,sisimiut,0,GL,1539278940,100,66.94,-53.67,23.61,1.92
151,rosario,92,UY,1539278816,66,-34.31,-57.35,56.73,8.19
152,vao,24,EE,1539278940,93,59.1,26.19,44.94,4.94
153,mount gambier,0,AU,1539278941,85,-37.83,140.78,48.09,4.94
154,thompson,20,CA,1539277200,54,55.74,-97.86,30.2,2.24
155,buala,80,SB,1539278941,89,-8.15,159.59,82.29,6.51
156,victoria point,75,AU,1539277200,88,-27.58,153.3,62.6,8.05
157,misratah,0,LY,1539278941,89,32.38,15.09,74.46,12.1
158,vanimo,64,PG,1539278942,100,-2.67,141.3,83.91,15.68
159,yellowknife,75,CA,1539277200,91,62.45,-114.38,32.0,2.24
160,auki,88,NG,1539278942,45,12.18,6.51,83.82,3.6
161,provideniya,80,RU,1539278942,100,64.42,-173.23,40.62,21.5
162,coahuayana,88,MX,1539278943,85,18.62,-100.35,72.39,1.92
163,kaeo,48,NZ,1539278943,89,-35.1,173.78,53.76,17.58
164,kloulklubed,40,PW,1539276600,88,7.04,134.26,78.8,7.4
165,bonthe,68,SL,1539278943,92,7.53,-12.5,78.69,4.16
166,ribeira grande,75,PT,1539277200,83,38.52,-28.7,73.4,34.45
167,puerto ayora,40,EC,1539277200,57,-0.74,-90.35,78.8,6.93
168,varhaug,0,NO,1539276600,63,58.61,5.65,62.6,18.34
169,nalut,68,LY,1539278944,42,31.86,10.98,76.08,3.15
170,camacha,20,PT,1539277200,83,33.08,-16.33,77.0,8.05
171,sorland,75,NO,1539276600,100,67.67,12.69,50.0,4.7
172,narsaq,20,GL,1539276600,41,60.91,-46.05,39.2,2.24
173,praia da vitoria,40,PT,1539277200,78,38.73,-27.07,73.4,37.6
174,srednekolymsk,88,RU,1539278945,95,67.46,153.71,25.23,2.59
175,alofi,92,NU,1539278945,100,-19.06,-169.92,76.44,20.83
176,capela,40,BR,1539277200,62,-9.42,-36.08,84.2,19.46
177,kahului,20,US,1539277980,87,20.89,-156.47,75.02,5.61
178,lorengau,36,PG,1539278946,100,-2.02,147.27,82.65,10.65
179,haizhou,0,CN,1539278946,100,34.58,119.13,55.29,3.49
180,novikovo,0,UA,1539278946,99,45.05,34.56,55.56,7.96
181,vestmannaeyjar,90,IS,1539273600,100,63.44,-20.27,50.0,40.26
182,labuhan,76,ID,1539278946,95,-2.54,115.51,73.11,1.92
183,ambon,20,FR,1539277200,93,47.55,-2.56,59.0,12.75
184,miles city,90,US,1539277440,16,46.41,-105.84,33.08,4.61
185,hambantota,76,LK,1539278947,100,6.12,81.12,79.5,12.55
186,severo-kurilsk,80,RU,1539278947,100,50.68,156.12,44.4,10.54
187,belmonte,20,PT,1539278947,84,40.36,-7.35,59.97,5.61
188,saldanha,12,PT,1539278947,68,41.42,-6.55,61.23,8.97
189,namibe,12,AO,1539278948,100,-15.19,12.15,68.79,7.96
190,tiksi,88,RU,1539278948,95,71.64,128.87,29.01,6.62
191,tekeli,8,KZ,1539278948,76,44.86,78.76,33.51,2.59
192,namatanai,0,PG,1539278948,99,-3.66,152.44,83.19,8.52
193,port elizabeth,90,US,1539276960,93,39.31,-74.98,82.04,5.82
194,avarua,75,CK,1539277200,78,-21.21,-159.78,73.4,10.29
195,bondo,92,CD,1539278949,100,3.81,23.69,69.15,1.7
196,inhambane,40,MZ,1539277200,88,-23.87,35.38,73.4,6.93
197,lata,0,IN,1539278949,95,30.78,78.62,41.07,2.04
198,harer,92,US,1539278950,71,42.19,-111.17,35.31,3.6
199,moosburg,0,DE,1539276600,82,48.09,9.6,62.6,4.16
200,grinnell,90,US,1539278100,11,41.74,-92.72,42.8,14.99
201,kaitangata,92,NZ,1539278951,91,-46.28,169.85,40.71,16.24
202,yazd,0,IR,1539275400,25,31.89,54.36,73.4,4.7
203,kalmunai,92,LK,1539278951,98,7.42,81.82,74.91,4.94
204,herat,0,AF,1539273300,15,34.35,62.22,59.0,5.82
205,mont-de-marsan,0,FR,1539277200,68,43.89,-0.5,71.6,3.6
206,barpeta,90,IN,1539277200,100,26.33,91.01,75.2,1.92
207,sarkand,12,KZ,1539278952,73,45.41,79.91,39.18,2.15
208,berlevag,0,NO,1539276600,69,70.86,29.09,37.4,16.11
209,faya,0,SA,1539277200,68,18.39,42.45,73.4,5.61
210,beyneu,8,KZ,1539278952,80,45.32,55.19,54.66,9.75
211,minot,40,US,1539277860,17,48.23,-101.3,37.04,14.99
212,hamilton,40,BM,1539276900,61,32.3,-64.78,78.8,8.05
213,arraial do cabo,75,BR,1539277200,78,-22.97,-42.02,80.6,6.93
214,evensk,80,RU,1539278953,100,61.92,159.24,38.28,0.92
215,naze,75,NG,1539273600,94,5.43,7.07,75.2,4.7
216,amga,20,RU,1539278953,81,60.89,131.98,17.49,2.48
217,zyryanka,92,RU,1539278954,96,65.73,150.89,22.17,2.71
218,te kauwhata,92,NZ,1539277200,82,-37.4,175.15,55.4,11.41
219,koygorodok,56,RU,1539278954,66,60.44,51.01,35.94,9.75
220,santa rosa,100,AR,1539278956,42,-36.62,-64.29,61.59,16.46
221,lumeje,64,AO,1539278956,29,-11.56,20.78,78.06,4.61
222,sao sebastiao,20,BR,1539273600,50,-3.15,-58.36,95.0,5.82
223,xining,0,CN,1539278753,74,36.62,101.77,21.18,2.37
224,trairi,0,BR,1539278956,100,-3.28,-39.27,80.13,21.72
225,scottsbluff,75,US,1539278700,78,41.87,-103.67,42.08,6.93
226,bembereke,76,BJ,1539278957,66,10.23,2.66,82.38,2.15
227,nome,1,US,1539276900,50,30.04,-94.42,75.92,9.17
228,udachnyy,88,RU,1539278895,77,66.42,112.4,26.49,3.94
229,lumphat,12,KH,1539278957,97,13.5,106.97,71.94,2.15
230,barabinsk,48,RU,1539278814,60,55.35,78.35,50.16,21.83
231,saint-paul,88,FR,1539277200,60,45.22,1.9,71.6,5.82
232,comodoro rivadavia,0,AR,1539273600,25,-45.87,-67.48,66.2,12.75
233,bandarbeyla,8,SO,1539278958,89,9.49,50.81,76.8,8.41
234,clyde river,75,CA,1539277200,73,70.47,-68.59,24.8,13.87
235,college,90,US,1539277080,100,64.86,-147.8,35.42,5.82
236,shelburne,90,CA,1539277200,67,44.08,-80.2,62.6,14.99
237,deputatskiy,36,RU,1539278959,67,69.3,139.9,1.38,2.59
238,necochea,0,AR,1539278959,80,-38.55,-58.74,57.27,4.61
239,ancud,0,CL,1539278959,61,-41.87,-73.83,56.64,4.72
240,codrington,92,AU,1539278959,100,-28.95,153.24,57.63,4.16
241,dubti,0,ET,1539278960,28,11.74,41.09,76.35,6.4
242,balikpapan,92,ID,1539278960,100,-1.24,116.86,76.98,4.5
243,hami,0,CN,1539278960,57,42.84,93.51,39.45,2.71
244,carutapera,0,BR,1539278960,62,-1.2,-46.02,88.14,14.12
245,padang,92,ID,1539278960,100,-0.92,100.36,78.06,10.65
246,vila franca do campo,75,PT,1539277200,78,37.72,-25.43,71.6,27.51
247,cabo san lucas,40,MX,1539276660,69,22.89,-109.91,78.8,3.36
248,constitucion,20,MX,1539276600,34,23.99,-104.67,68.0,4.7
249,avera,75,US,1539276900,61,33.19,-82.53,84.92,21.92
250,biloela,88,AU,1539278961,95,-24.4,150.51,63.12,7.52
251,may pen,40,JM,1539277200,78,17.97,-77.26,82.4,12.75
252,novyy urengoy,88,RU,1539278668,98,66.08,76.63,33.06,13.22
253,verkhnetulomskiy,0,RU,1539275400,92,68.61,31.8,28.4,2.24
254,hasaki,75,JP,1539275940,94,35.73,140.83,69.8,4.7
255,ilulissat,20,GL,1539276600,38,69.22,-51.1,24.8,2.24
256,dunedin,88,NZ,1539278832,100,-45.87,170.5,37.74,14.79
257,cruzeiro do oeste,80,BR,1539278963,85,-23.78,-53.07,72.03,15.57
258,bilibino,36,RU,1539278963,76,68.06,166.44,10.56,3.04
259,arlit,76,NE,1539278963,15,18.74,7.39,91.47,1.14
260,souillac,68,FR,1539277200,93,45.6,-0.6,64.4,5.82
261,waipawa,0,NZ,1539278964,74,-39.94,176.59,48.99,6.96
262,laguna,90,MX,1539276000,65,27.52,-110.01,78.8,8.05
263,saint-francois,0,FR,1539277200,46,46.42,3.91,73.4,11.41
264,torbat-e jam,0,IR,1539278964,68,35.24,60.63,33.69,1.03
265,bukama,88,CD,1539278964,90,-9.2,25.85,71.22,6.4
266,amarante,20,PT,1539277200,68,41.27,-8.08,66.2,13.87
267,kichmengskiy gorodok,0,RU,1539278965,77,59.99,45.81,34.68,8.19
268,toamasina,75,MG,1539277200,78,-18.17,49.38,75.2,9.17
269,kathmandu,75,NP,1539276600,88,27.71,85.32,66.2,4.7
270,kosa,44,RU,1539278965,71,59.94,54.99,35.31,15.01
271,beisfjord,75,NO,1539276600,93,68.38,17.6,44.6,11.41
272,kilemary,20,RU,1539278965,66,56.78,46.86,39.18,12.21
273,wasilla,75,US,1539276960,81,61.58,-149.44,48.92,3.36
274,ialibu,36,PG,1539278966,94,-6.28,143.99,53.49,1.92
275,puerto penasco,12,MX,1539278966,99,31.32,-113.53,77.61,22.28
276,marabba,20,SD,1539278966,41,12.35,32.18,86.61,7.4
277,sungaipenuh,76,ID,1539278939,96,-2.08,101.38,67.35,0.92
278,geraldton,90,CA,1539277200,87,49.72,-86.95,32.0,6.93
279,aklavik,90,CA,1539277200,92,68.22,-135.01,21.2,2.24
280,cidreira,48,BR,1539278967,72,-30.17,-50.22,67.89,16.8
281,mana,0,RS,1539277200,58,43.52,20.24,59.0,3.36
282,tuatapere,88,NZ,1539278967,100,-46.13,167.69,42.24,22.5
283,tabory,0,PL,1539278967,64,53.89,19.53,58.08,13.0
284,la asuncion,40,EC,1539277200,46,-1.64,-78.74,73.4,2.24
285,robe,48,ET,1539278968,65,7.12,40.01,61.32,4.5
286,san patricio,48,PY,1539278968,71,-26.98,-56.83,83.82,3.04
287,mahebourg,40,MU,1539277200,64,-20.41,57.7,73.4,17.22
288,leningradskiy,92,RU,1539278898,95,69.38,178.42,36.12,12.77
289,ust-maya,68,RU,1539278969,83,60.42,134.54,24.24,2.93
290,marawi,24,PH,1539278969,96,8.0,124.29,66.27,1.92
291,westport,20,IE,1539277200,76,53.8,-9.52,51.8,11.41
292,sao joao da barra,75,BR,1539277200,74,-21.64,-41.05,78.8,11.41
293,mont-joli,90,CA,1539278100,86,48.58,-68.19,37.4,13.87
294,kisangani,36,CD,1539278969,96,0.52,25.21,73.11,1.14
295,naryan-mar,36,RU,1539278836,92,67.67,53.09,35.67,20.15
296,linxia,24,CN,1539278970,72,35.6,103.21,23.79,2.37
297,royan,8,FR,1539277200,93,45.62,-1.03,64.4,5.82
298,port blair,88,IN,1539278970,100,11.67,92.75,83.19,13.44
299,sioux lookout,90,CA,1539278100,86,50.1,-91.92,30.2,9.17
300,zemio,64,CF,1539278970,94,5.02,25.13,71.49,3.6
301,abu dhabi,0,AE,1539273600,59,24.47,54.37,91.4,8.05
302,thoen,48,TH,1539278971,95,17.61,99.22,69.87,2.04
303,bagn,12,NO,1539278971,95,60.82,9.55,41.52,2.37
304,tunceli,40,TR,1539276600,55,39.11,39.55,64.4,6.93
305,tarakan,76,ID,1539278972,96,3.3,117.63,82.38,0.47
306,charters towers,80,AU,1539278972,90,-20.07,146.27,69.51,12.55
307,mnogovershinnyy,68,RU,1539278735,86,53.94,139.92,34.95,2.48
308,aksehir,32,TR,1539278972,94,38.36,31.42,50.79,2.37
309,hovd,0,NO,1539276600,39,63.83,10.7,64.4,35.57
310,kruisfontein,80,ZA,1539278973,88,-34.0,24.73,62.76,16.58
311,savannah bight,0,HN,1539278973,98,16.45,-85.85,84.09,13.11
312,vallenar,92,CL,1539278973,87,-28.58,-70.76,57.63,2.59
313,goderich,8,CA,1539278973,85,43.74,-81.71,55.56,23.51
314,grand-lahou,20,CI,1539278973,76,5.24,-5.0,80.76,7.63
315,mount isa,40,AU,1539277200,30,-20.73,139.49,71.6,9.17
316,shangrao,36,CN,1539278974,85,28.45,117.97,44.94,2.59
317,talnakh,68,RU,1539278974,95,69.49,88.39,26.58,11.77
318,aurangabad,0,IN,1539278956,52,19.87,75.33,75.81,5.39
319,antsohihy,0,MG,1539278974,52,-14.88,47.99,78.78,16.13
320,maracacume,12,BR,1539278974,87,-2.04,-45.96,84.54,9.08
321,marzuq,0,YE,1539278975,32,14.4,46.47,59.34,2.71
322,eyl,20,SO,1539278975,83,7.98,49.82,78.24,14.79
323,oussouye,40,SN,1539277200,79,12.49,-16.54,93.2,4.7
324,sambava,92,MG,1539278975,100,-14.27,50.17,73.92,19.82
325,tokur,0,RU,1539278975,78,53.13,132.9,20.82,2.15
326,coruripe,20,BR,1539278976,92,-10.12,-36.18,79.59,15.01
327,finschhafen,20,PG,1539278976,92,-6.6,147.85,70.68,1.59
328,ayagoz,0,KZ,1539278976,71,47.96,80.43,35.49,4.72
329,katherine,20,AU,1539277200,47,-14.47,132.26,80.6,5.82
330,edd,0,ER,1539278976,50,13.93,41.69,73.47,2.59
331,kidal,0,ML,1539278977,16,18.44,1.41,87.78,6.62
332,chicama,20,PE,1539277200,73,-7.84,-79.15,69.8,11.41
333,guarapari,0,BR,1539273600,66,-20.67,-40.5,86.0,16.11
334,palmer,0,AU,1539277200,48,-34.85,139.16,60.8,8.05
335,lufilufi,68,WS,1539278980,100,-13.87,-171.6,79.86,15.01
336,high rock,75,BS,1539277200,70,26.63,-78.28,87.8,9.17
337,grindavik,90,IS,1539275400,93,63.84,-22.43,51.8,33.33
338,senneterre,90,CA,1539277680,87,48.39,-77.24,59.0,6.93
339,puerto escondido,75,MX,1539276300,69,15.86,-97.07,80.6,13.87
340,moussoro,0,TD,1539278981,52,13.64,16.49,80.13,3.6
341,half moon bay,75,US,1539277740,69,37.46,-122.43,62.96,3.15
342,lacey,90,US,1539276960,100,47.03,-122.81,50.0,5.82
343,barguzin,32,RU,1539278982,74,53.62,109.63,22.62,2.37
344,gawler,0,AU,1539277200,48,-34.6,138.75,60.8,8.05
345,leh,76,IN,1539278982,59,34.16,77.58,13.71,1.14
346,usinsk,0,RU,1539278982,86,66.0,57.56,30.9,15.23
347,mayumba,92,GA,1539278983,99,-3.44,10.65,76.35,9.53
348,dayong,44,PH,1539278983,99,11.74,122.04,84.09,15.12
349,marsh harbour,44,BS,1539278983,100,26.54,-77.06,81.12,10.76
350,orlik,8,RU,1539278983,78,52.51,99.83,15.24,2.04
351,san andres,48,PH,1539278984,100,13.32,122.68,81.84,8.19
352,pangnirtung,20,CA,1539277200,67,66.15,-65.72,23.0,13.87
353,tazovskiy,92,RU,1539278720,94,67.47,78.7,33.6,17.58
354,mildura,48,AU,1539278984,68,-34.18,142.16,57.18,10.76
355,santa isabel,75,CO,1539277200,100,4.71,-75.1,73.4,5.82
356,lyuban,64,BY,1539278913,86,52.8,28.0,53.22,8.63
357,casa nova,0,BR,1539278985,31,-11.77,-39.23,92.37,10.98
358,severo-yeniseyskiy,64,RU,1539278986,75,60.37,93.04,29.37,4.16
359,chumikan,0,RU,1539278986,95,54.72,135.31,34.86,5.73
360,visby,40,SE,1539276600,100,57.64,18.3,51.8,14.99
361,pacific grove,40,US,1539276900,55,36.62,-121.92,62.96,5.82
362,yacuiba,90,AR,1539277200,93,-22.01,-63.68,64.4,3.49
363,klaksvik,90,FO,1539276600,100,62.23,-6.59,51.8,17.22
364,dawlatabad,0,AF,1539278987,78,36.41,64.91,44.58,2.71
365,christchurch,92,NZ,1539277200,93,-43.53,172.64,44.6,10.29
366,walvis bay,0,NA,1539277200,59,-22.95,14.51,66.2,8.05
367,ewa beach,90,US,1539277020,78,21.32,-158.01,77.0,5.82
368,bridlington,76,GB,1539276600,64,54.08,-0.19,69.8,11.41
369,sidney,48,US,1539278100,85,47.72,-104.16,35.96,3.36
370,cockburn town,56,TC,1539278988,100,21.46,-71.14,81.75,10.42
371,la grande,1,US,1539276960,81,45.32,-118.09,44.06,3.04
372,wukari,32,NG,1539278988,69,7.87,9.78,83.19,3.6
373,golfito,92,CR,1539278988,100,8.64,-83.17,76.62,7.18
374,beeville,40,US,1539276960,67,28.4,-97.75,78.98,11.41
375,saskylakh,92,RU,1539278989,94,71.97,114.09,25.5,3.94
376,iberia,44,PE,1539278989,61,-11.41,-69.49,88.68,2.93
377,batemans bay,92,AU,1539278989,100,-35.71,150.18,52.59,4.05
378,saint-leu,0,RE,1539277200,60,-21.15,55.28,71.6,21.92
379,northam,20,GB,1539276600,72,51.04,-4.21,59.0,9.17
380,harper,75,US,1539276900,60,30.3,-99.24,69.08,6.93
381,vardo,90,US,1539277200,87,39.62,-77.74,78.8,5.82
382,soma,100,JP,1539278815,100,37.8,140.92,63.12,7.18
383,golkoy,80,TR,1539278990,99,40.69,37.62,56.73,2.04
384,boshkengash,0,TJ,1539275400,71,38.47,68.81,50.0,2.24
385,cabra,40,ES,1539277200,50,37.47,-4.43,77.0,12.75
386,belaya kholunitsa,8,RU,1539278991,74,58.84,50.85,36.12,15.46
387,acapulco,20,MX,1539276300,74,16.86,-99.88,84.2,6.93
388,nkhata bay,68,MW,1539278991,73,-11.61,34.3,73.2,5.73
389,vieques,40,PR,1539276960,72,18.43,-65.83,86.0,11.41
390,amahai,76,ID,1539278991,100,-3.31,129.0,81.57,5.06
391,youhao,0,CN,1539278992,69,47.86,128.84,21.18,2.15
392,pacifica,75,US,1539277740,69,37.61,-122.49,62.96,1.7
393,taltal,0,CL,1539278992,74,-25.41,-70.49,65.19,3.71
394,cayenne,20,GF,1539277200,55,4.94,-52.33,91.4,12.75
395,benghazi,44,LY,1539278992,100,32.12,20.07,73.29,20.27
396,richards bay,12,ZA,1539278992,55,-28.77,32.06,79.32,8.52
397,beringovskiy,92,RU,1539278993,100,63.05,179.32,41.16,22.17
398,mecca,0,SA,1539278699,42,21.43,39.83,76.89,4.05
399,taoudenni,88,ML,1539278993,16,22.68,-3.98,95.79,4.05
400,esmeraldas,20,BR,1539277200,33,-19.76,-44.31,87.8,12.75
401,killybegs,0,IE,1539278994,98,54.63,-8.45,52.59,12.77
402,huarmey,8,PE,1539278994,54,-10.07,-78.15,73.29,4.05
403,makakilo city,90,US,1539277020,78,21.35,-158.09,77.0,5.82
404,pasan,64,IN,1539278994,95,22.84,82.2,69.24,7.52
405,waddan,12,LY,1539278994,34,29.16,16.14,77.61,9.08
406,ust-ilimsk,92,RU,1539278994,66,57.96,102.73,39.27,6.4
407,tandur,8,IN,1539278995,85,19.18,79.43,73.02,5.73
408,shakawe,0,BW,1539278995,17,-18.36,21.84,78.69,8.41
409,kasamwa,40,TZ,1539277200,83,-2.84,32.42,73.4,12.75
410,atasu,0,KZ,1539278808,60,48.68,71.64,41.97,12.44
411,esso,64,RU,1539278996,81,55.93,158.7,23.43,2.04
412,voyinka,0,UA,1539278996,85,45.87,33.99,53.31,5.17
413,victor harbor,0,AU,1539277200,48,-35.55,138.62,60.8,8.05
414,bloomingdale,75,US,1539278100,57,41.96,-88.08,50.0,14.99
415,nalvo,0,PH,1539278996,95,16.81,120.51,66.09,2.93
416,valea dragului,0,RO,1539277200,51,44.21,26.3,59.0,3.36
417,lompoc,90,US,1539276960,72,34.64,-120.46,64.04,8.08
418,gat,0,SN,1539278997,35,14.69,-16.54,97.68,7.18
419,newport,90,GB,1539276600,87,51.59,-3.0,64.4,3.36
420,huron,90,US,1539276900,17,44.36,-98.21,35.06,13.87
421,samoded,0,RU,1539278997,79,63.61,40.52,36.39,7.96
422,nioki,68,CD,1539278998,97,-2.72,17.69,73.38,2.04
423,bossangoa,32,CF,1539278998,71,6.5,17.45,78.06,3.71
424,muisne,88,EC,1539278998,75,0.61,-80.02,79.86,6.73
425,svay rieng,68,KH,1539278998,96,11.08,105.8,75.18,4.38
426,aitape,8,PG,1539278998,96,-3.15,142.36,81.12,8.75
427,hazorasp,0,UZ,1539275400,71,41.32,61.08,50.0,2.71
428,port macquarie,90,AU,1539277200,82,-31.43,152.91,55.4,6.93
429,fasa,40,IR,1539277200,25,28.94,53.65,75.2,4.7
430,ucluelet,20,CA,1539277200,93,48.94,-125.55,51.8,3.36
431,dingle,56,PH,1539279000,92,11.0,122.67,77.16,6.4
432,knysna,20,ZA,1539277200,72,-34.04,23.05,60.8,5.82
433,rorvik,0,NO,1539276600,71,64.86,11.24,55.4,8.05
434,whitehorse,75,CA,1539277200,87,60.72,-135.06,32.0,8.05
435,kyren,88,RU,1539279001,99,51.68,102.13,32.88,2.04
436,senno,0,RU,1539273600,87,57.76,27.95,51.8,4.47
437,kilindoni,92,TZ,1539278783,100,-7.91,39.67,79.32,14.56
438,yining,12,CN,1539279001,84,29.04,114.56,40.08,2.48
439,georgiyevka,0,RU,1539279001,65,52.25,40.45,46.74,9.75
440,srebrenica,0,BA,1539277200,62,44.11,19.3,59.0,3.36
441,nikki,68,BJ,1539279003,69,9.94,3.21,81.48,3.6
442,karaton,20,ID,1539277200,69,-6.34,106.1,82.4,2.24
443,kulhudhuffushi,80,MV,1539279013,98,6.62,73.07,83.46,11.65
444,alibag,20,IN,1539277200,74,18.64,72.88,86.0,3.36
445,great falls,90,US,1539277260,84,47.5,-111.29,33.08,4.5
446,alexandria,1,US,1539278100,49,31.31,-92.44,72.32,6.93
447,kondinskoye,92,RU,1539279016,100,59.65,67.41,36.21,7.63
448,brownwood,40,US,1539276900,59,31.71,-98.99,66.2,9.17
449,iskateley,76,RU,1539278836,93,67.68,53.15,36.48,20.71
450,yerbogachen,80,RU,1539278970,72,61.28,108.01,38.91,7.52
451,deep river,40,CA,1539277380,93,46.1,-77.49,59.0,6.93
452,saurimo,32,AO,1539279019,58,-9.66,20.4,75.45,6.06
453,dicabisagan,92,PH,1539279019,100,17.08,122.42,75.81,5.95
454,mathathane,0,BW,1539279019,40,-22.27,28.75,74.55,6.17
455,julio de castilhos,75,BR,1539277200,56,-29.23,-53.68,71.6,19.46
456,atambua,0,ID,1539279021,100,-9.11,124.89,71.76,4.38
457,fortuna,0,ES,1539277200,69,38.18,-1.13,75.2,4.7
458,neftcala,80,AZ,1539279021,98,39.37,49.25,63.84,4.61
459,harsin,20,IR,1539275400,16,34.27,47.59,73.4,9.17
460,altamira,64,BR,1539278941,63,-3.2,-52.21,89.49,4.16
461,high level,90,CA,1539277200,86,58.52,-117.13,28.4,9.17
462,delmenhorst,0,DE,1539276600,63,53.05,8.63,66.2,4.7
463,barranca,20,PE,1539279024,100,-10.75,-77.76,62.94,6.62
464,usvyaty,0,RU,1539279024,85,55.75,30.75,40.35,3.6
465,brae,75,GB,1539276600,93,60.4,-1.35,55.4,25.28
466,alice springs,0,AU,1539277200,88,-23.7,133.88,62.6,8.05
467,mackay,75,CA,1539277200,67,53.65,-115.58,32.0,5.82
468,rawson,0,AR,1539279025,29,-43.3,-65.11,68.97,15.79
469,sabang,8,PH,1539279025,99,13.72,123.58,77.52,5.61
470,kalabo,0,ZM,1539279025,22,-15.0,22.67,73.56,6.73
471,bafoulabe,0,ML,1539279025,71,13.81,-10.83,89.49,2.37
472,dingzhou,32,CN,1539277200,75,38.51,115.0,42.8,2.24
473,ormara,0,PK,1539279026,87,25.21,64.64,76.26,4.38
474,liverpool,75,GB,1539276600,93,53.41,-2.98,64.4,9.17
475,beawar,24,IN,1539279026,41,26.1,74.31,74.64,8.08
476,dorogobuzh,0,RU,1539279026,83,54.91,33.3,41.16,5.17
477,gushikawa,90,JP,1539277200,86,26.35,127.87,69.8,8.05
478,djambala,56,CG,1539279027,68,-2.55,14.76,79.32,5.17
479,lalibela,0,ET,1539279027,57,12.04,39.05,47.82,2.04
480,yar-sale,92,RU,1539279027,100,66.83,70.83,32.79,10.09
481,chimbote,12,PE,1539279027,79,-9.08,-78.59,67.98,6.06
482,pueblo,90,US,1539277500,92,38.25,-104.61,42.8,4.7
483,nara,90,JP,1539275400,77,34.68,135.8,64.4,20.8
484,batticaloa,56,LK,1539278733,100,7.71,81.69,75.09,4.38
485,karasburg,0,NA,1539279028,26,-28.01,18.75,72.66,12.44
486,nishihara,90,JP,1539277200,98,35.74,139.53,69.8,4.7
487,mayo,90,CA,1539277200,100,63.59,-135.9,28.4,3.49
488,dakar,0,SN,1539277200,79,14.69,-17.45,86.0,13.87
489,santo antonio do monte,80,BR,1539279029,32,-20.09,-45.29,91.29,5.95
490,zhigansk,88,RU,1539279028,92,66.77,123.37,30.0,5.39
491,bontang,88,ID,1539279029,100,0.12,117.47,77.34,2.37
492,tessalit,0,ML,1539279030,18,20.2,1.01,86.16,6.4
493,malko tarnovo,40,TR,1539277200,77,41.98,27.52,60.8,3.36
494,quime,92,BO,1539279030,88,-16.98,-67.22,53.85,1.92
495,gizo,75,IL,1539276600,61,31.8,34.94,78.8,9.17
496,lasa,20,CY,1539277200,60,34.92,32.53,75.2,4.7
497,inuvik,20,CA,1539277200,85,68.36,-133.71,21.2,9.17
498,mascote,0,BR,1539273600,62,-15.56,-39.3,84.2,8.05
499,saint-pierre,0,FR,1539277200,72,48.95,4.24,71.6,12.75
500,ruwi,0,OM,1539276600,62,23.6,58.55,84.2,1.12
501,yenagoa,88,NG,1539279032,90,4.92,6.26,75.72,7.63
502,mahon,20,IE,1539277200,76,51.89,-8.4,53.6,12.75
503,griffith,0,AU,1539279032,84,-34.29,146.06,49.71,12.1
504,atherton,92,GB,1539276600,68,53.52,-2.49,64.4,8.05
505,pryluky,0,UA,1539279032,90,50.6,32.39,50.88,8.63
506,ust-tsilma,80,RU,1539278743,96,65.44,52.15,34.59,7.52
507,omboue,88,GA,1539279033,100,-1.57,9.26,78.78,9.42
508,erzin,40,TR,1539276600,47,36.95,36.2,78.8,4.7
509,broome,0,GB,1539276960,77,52.47,1.45,69.44,12.75
510,zhezkazgan,75,KZ,1539273600,39,47.8,67.71,48.2,8.95
511,havoysund,75,NO,1539276600,75,71.0,24.66,42.8,6.93
512,augusto correa,0,BR,1539279034,54,-1.02,-46.63,91.11,10.42
513,chipiona,0,PE,1539278811,30,-14.54,-75.2,71.04,3.04
514,ajdabiya,0,LY,1539279034,53,30.75,20.22,73.65,8.19
515,usoke,40,TZ,1539277200,30,-5.09,32.32,84.2,5.82
516,bosaso,0,SO,1539279034,94,11.28,49.18,83.91,7.74
517,sola,0,NO,1539276600,63,58.89,5.65,62.6,18.34
518,chifeng,0,CN,1539279035,70,42.27,118.96,24.69,2.48
519,aksay,0,RU,1539279035,50,47.27,39.86,57.54,10.42
520,ulaangom,8,MN,1539279029,77,49.98,92.07,22.53,1.59
521,bud,0,NO,1539276600,81,62.91,6.91,62.6,6.93
522,coatesville,75,US,1539276900,88,39.98,-75.82,82.04,4.7
523,dongsheng,56,CN,1539279035,59,29.72,112.52,56.01,7.18
524,lincoln,75,GB,1539276600,63,53.23,-0.54,69.8,23.04
525,eureka,90,US,1539276900,100,40.8,-124.16,53.6,4.7
526,grand gaube,40,MU,1539277200,64,-20.01,57.66,73.4,17.22
527,road town,40,VG,1539277200,74,18.42,-64.62,84.2,10.29
528,oakland,75,US,1539277740,69,37.8,-122.27,63.5,1.7
529,puerto leguizamo,68,CO,1539279037,81,-0.19,-74.78,81.84,3.38
530,panjab,0,AF,1539279037,76,34.38,67.02,16.41,1.14
531,zanesville,75,US,1539276960,69,39.94,-82.01,62.06,10.29
